code,name,region_id,province_id,city_id
012801000,Adams,01,0128,012801
012802000,Bacarra,01,0128,012802
012803000,Badoc,01,0128,012803
012804000,Bangui,01,0128,012804
012805000,City of Batac,01,0128,012805
012806000,Burgos,01,0128,012806
012807000,Carasi,01,0128,012807
012808000,Currimao,01,0128,012808
012809000,Dingras,01,0128,012809
012810000,Dumalneg,01,0128,012810
012811000,Banna,01,0128,012811
012812000,City of Laoag (Capital),01,0128,012812
012813000,Marcos,01,0128,012813
012814000,Nueva Era,01,0128,012814
012815000,Pagudpud,01,0128,012815
012816000,Paoay,01,0128,012816
012817000,Pasuquin,01,0128,012817
012818000,Piddig,01,0128,012818
012819000,Pinili,01,0128,012819
012820000,San Nicolas,01,0128,012820
012821000,Sarrat,01,0128,012821
012822000,Solsona,01,0128,012822
012823000,Vintar,01,0128,012823
012901000,Alilem,01,0129,012901
012902000,Banayoyo,01,0129,012902
012903000,Bantay,01,0129,012903
012904000,Burgos,01,0129,012904
012905000,Cabugao,01,0129,012905
012906000,City of Candon,01,0129,012906
012907000,Caoayan,01,0129,012907
012908000,Cervantes,01,0129,012908
012909000,Galimuyod,01,0129,012909
012910000,Gregorio del Pilar,01,0129,012910
012911000,Lidlidda,01,0129,012911
012912000,Magsingal,01,0129,012912
012913000,Nagbukel,01,0129,012913
012914000,Narvacan,01,0129,012914
012915000,Quirino,01,0129,012915
012916000,Salcedo,01,0129,012916
012917000,San Emilio,01,0129,012917
012918000,San Esteban,01,0129,012918
012919000,San Ildefonso,01,0129,012919
012920000,San Juan,01,0129,012920
012921000,San Vicente,01,0129,012921
012922000,Santa,01,0129,012922
012923000,Santa Catalina,01,0129,012923
012924000,Santa Cruz,01,0129,012924
012925000,Santa Lucia,01,0129,012925
012926000,Santa Maria,01,0129,012926
012927000,Santiago,01,0129,012927
012928000,Santo Domingo,01,0129,012928
012929000,Sigay,01,0129,012929
012930000,Sinait,01,0129,012930
012931000,Sugpon,01,0129,012931
012932000,Suyo,01,0129,012932
012933000,Tagudin,01,0129,012933
012934000,City of Vigan (Capital),01,0129,012934
013301000,Agoo,01,0133,013301
013302000,Aringay,01,0133,013302
013303000,Bacnotan,01,0133,013303
013304000,Bagulin,01,0133,013304
013305000,Balaoan,01,0133,013305
013306000,Bangar,01,0133,013306
013307000,Bauang,01,0133,013307
013308000,Burgos,01,0133,013308
013309000,Caba,01,0133,013309
013310000,Luna,01,0133,013310
013311000,Naguilian,01,0133,013311
013312000,Pugo,01,0133,013312
013313000,Rosario,01,0133,013313
013314000,City of San Fernando (Capital),01,0133,013314
013315000,San Gabriel,01,0133,013315
013316000,San Juan,01,0133,013316
013317000,Santo Tomas,01,0133,013317
013318000,Santol,01,0133,013318
013319000,Sudipen,01,0133,013319
013320000,Tubao,01,0133,013320
015501000,Agno,01,0155,015501
015502000,Aguilar,01,0155,015502
015503000,City of Alaminos,01,0155,015503
015504000,Alcala,01,0155,015504
015505000,Anda,01,0155,015505
015506000,Asingan,01,0155,015506
015507000,Balungao,01,0155,015507
015508000,Bani,01,0155,015508
015509000,Basista,01,0155,015509
015510000,Bautista,01,0155,015510
015511000,Bayambang,01,0155,015511
015512000,Binalonan,01,0155,015512
015513000,Binmaley,01,0155,015513
015514000,Bolinao,01,0155,015514
015515000,Bugallon,01,0155,015515
015516000,Burgos,01,0155,015516
015517000,Calasiao,01,0155,015517
015518000,City of Dagupan,01,0155,015518
015519000,Dasol,01,0155,015519
015520000,Infanta,01,0155,015520
015521000,Labrador,01,0155,015521
015522000,Lingayen (Capital),01,0155,015522
015523000,Mabini,01,0155,015523
015524000,Malasiqui,01,0155,015524
015525000,Manaoag,01,0155,015525
015526000,Mangaldan,01,0155,015526
015527000,Mangatarem,01,0155,015527
015528000,Mapandan,01,0155,015528
015529000,Natividad,01,0155,015529
015530000,Pozorrubio,01,0155,015530
015531000,Rosales,01,0155,015531
015532000,City of San Carlos,01,0155,015532
015533000,San Fabian,01,0155,015533
015534000,San Jacinto,01,0155,015534
015535000,San Manuel,01,0155,015535
015536000,San Nicolas,01,0155,015536
015537000,San Quintin,01,0155,015537
015538000,Santa Barbara,01,0155,015538
015539000,Santa Maria,01,0155,015539
015540000,Santo Tomas,01,0155,015540
015541000,Sison,01,0155,015541
015542000,Sual,01,0155,015542
015543000,Tayug,01,0155,015543
015544000,Umingan,01,0155,015544
015545000,Urbiztondo,01,0155,015545
015546000,City of Urdaneta,01,0155,015546
015547000,Villasis,01,0155,015547
015548000,Laoac,01,0155,015548
020901000,Basco (Capital),02,0209,020901
020902000,Itbayat,02,0209,020902
020903000,Ivana,02,0209,020903
020904000,Mahatao,02,0209,020904
020905000,Sabtang,02,0209,020905
020906000,Uyugan,02,0209,020906
021501000,Abulug,02,0215,021501
021502000,Alcala,02,0215,021502
021503000,Allacapan,02,0215,021503
021504000,Amulung,02,0215,021504
021505000,Aparri,02,0215,021505
021506000,Baggao,02,0215,021506
021507000,Ballesteros,02,0215,021507
021508000,Buguey,02,0215,021508
021509000,Calayan,02,0215,021509
021510000,Camalaniugan,02,0215,021510
021511000,Claveria,02,0215,021511
021512000,Enrile,02,0215,021512
021513000,Gattaran,02,0215,021513
021514000,Gonzaga,02,0215,021514
021515000,Iguig,02,0215,021515
021516000,Lal-Lo,02,0215,021516
021517000,Lasam,02,0215,021517
021518000,Pamplona,02,0215,021518
021519000,Peñablanca,02,0215,021519
021520000,Piat,02,0215,021520
021521000,Rizal,02,0215,021521
021522000,Sanchez-Mira,02,0215,021522
021523000,Santa Ana,02,0215,021523
021524000,Santa Praxedes,02,0215,021524
021525000,Santa Teresita,02,0215,021525
021526000,Santo Niño,02,0215,021526
021527000,Solana,02,0215,021527
021528000,Tuao,02,0215,021528
021529000,Tuguegarao City (Capital),02,0215,021529
023101000,Alicia,02,0231,023101
023102000,Angadanan,02,0231,023102
023103000,Aurora,02,0231,023103
023104000,Benito Soliven,02,0231,023104
023105000,Burgos,02,0231,023105
023106000,Cabagan,02,0231,023106
023107000,Cabatuan,02,0231,023107
023108000,City of Cauayan,02,0231,023108
023109000,Cordon,02,0231,023109
023110000,Dinapigue,02,0231,023110
023111000,Divilacan,02,0231,023111
023112000,Echague,02,0231,023112
023113000,Gamu,02,0231,023113
023114000,City of Ilagan (Capital),02,0231,023114
023115000,Jones,02,0231,023115
023116000,Luna,02,0231,023116
023117000,Maconacon,02,0231,023117
023118000,Delfin Albano,02,0231,023118
023119000,Mallig,02,0231,023119
023120000,Naguilian,02,0231,023120
023121000,Palanan,02,0231,023121
023122000,Quezon,02,0231,023122
023123000,Quirino,02,0231,023123
023124000,Ramon,02,0231,023124
023125000,Reina Mercedes,02,0231,023125
023126000,Roxas,02,0231,023126
023127000,San Agustin,02,0231,023127
023128000,San Guillermo,02,0231,023128
023129000,San Isidro,02,0231,023129
023130000,San Manuel,02,0231,023130
023131000,San Mariano,02,0231,023131
023132000,San Mateo,02,0231,023132
023133000,San Pablo,02,0231,023133
023134000,Santa Maria,02,0231,023134
023135000,City of Santiago,02,0231,023135
023136000,Santo Tomas,02,0231,023136
023137000,Tumauini,02,0231,023137
025001000,Ambaguio,02,0250,025001
025002000,Aritao,02,0250,025002
025003000,Bagabag,02,0250,025003
025004000,Bambang,02,0250,025004
025005000,Bayombong (Capital),02,0250,025005
025006000,Diadi,02,0250,025006
025007000,Dupax del Norte,02,0250,025007
025008000,Dupax del Sur,02,0250,025008
025009000,Kasibu,02,0250,025009
025010000,Kayapa,02,0250,025010
025011000,Quezon,02,0250,025011
025012000,Santa Fe,02,0250,025012
025013000,Solano,02,0250,025013
025014000,Villaverde,02,0250,025014
025015000,Alfonso Castaneda,02,0250,025015
025701000,Aglipay,02,0257,025701
025702000,Cabarroguis (Capital),02,0257,025702
025703000,Diffun,02,0257,025703
025704000,Maddela,02,0257,025704
025705000,Saguday,02,0257,025705
025706000,Nagtipunan,02,0257,025706
030801000,Abucay,03,0308,030801
030802000,Bagac,03,0308,030802
030803000,City of Balanga (Capital),03,0308,030803
030804000,Dinalupihan,03,0308,030804
030805000,Hermosa,03,0308,030805
030806000,Limay,03,0308,030806
030807000,Mariveles,03,0308,030807
030808000,Morong,03,0308,030808
030809000,Orani,03,0308,030809
030810000,Orion,03,0308,030810
030811000,Pilar,03,0308,030811
030812000,Samal,03,0308,030812
031401000,Angat,03,0314,031401
031402000,Balagtas,03,0314,031402
031403000,Baliuag,03,0314,031403
031404000,Bocaue,03,0314,031404
031405000,Bulacan,03,0314,031405
031406000,Bustos,03,0314,031406
031407000,Calumpit,03,0314,031407
031408000,Guiguinto,03,0314,031408
031409000,Hagonoy,03,0314,031409
031410000,City of Malolos (Capital),03,0314,031410
031411000,Marilao,03,0314,031411
031412000,City of Meycauayan,03,0314,031412
031413000,Norzagaray,03,0314,031413
031414000,Obando,03,0314,031414
031415000,Pandi,03,0314,031415
031416000,Paombong,03,0314,031416
031417000,Plaridel,03,0314,031417
031418000,Pulilan,03,0314,031418
031419000,San Ildefonso,03,0314,031419
031420000,City of San Jose Del Monte,03,0314,031420
031421000,San Miguel,03,0314,031421
031422000,San Rafael,03,0314,031422
031423000,Santa Maria,03,0314,031423
031424000,Doña Remedios Trinidad,03,0314,031424
034901000,Aliaga,03,0349,034901
034902000,Bongabon,03,0349,034902
034903000,City of Cabanatuan,03,0349,034903
034904000,Cabiao,03,0349,034904
034905000,Carranglan,03,0349,034905
034906000,Cuyapo,03,0349,034906
034907000,Gabaldon,03,0349,034907
034908000,City of Gapan,03,0349,034908
034909000,General Mamerto Natividad,03,0349,034909
034910000,General Tinio,03,0349,034910
034911000,Guimba,03,0349,034911
034912000,Jaen,03,0349,034912
034913000,Laur,03,0349,034913
034914000,Licab,03,0349,034914
034915000,Llanera,03,0349,034915
034916000,Lupao,03,0349,034916
034917000,Science City of Muñoz,03,0349,034917
034918000,Nampicuan,03,0349,034918
034919000,City of Palayan (Capital),03,0349,034919
034920000,Pantabangan,03,0349,034920
034921000,Peñaranda,03,0349,034921
034922000,Quezon,03,0349,034922
034923000,Rizal,03,0349,034923
034924000,San Antonio,03,0349,034924
034925000,San Isidro,03,0349,034925
034926000,San Jose City,03,0349,034926
034927000,San Leonardo,03,0349,034927
034928000,Santa Rosa,03,0349,034928
034929000,Santo Domingo,03,0349,034929
034930000,Talavera,03,0349,034930
034931000,Talugtug,03,0349,034931
034932000,Zaragoza,03,0349,034932
035401000,City of Angeles,03,0354,035401
035402000,Apalit,03,0354,035402
035403000,Arayat,03,0354,035403
035404000,Bacolor,03,0354,035404
035405000,Candaba,03,0354,035405
035406000,Floridablanca,03,0354,035406
035407000,Guagua,03,0354,035407
035408000,Lubao,03,0354,035408
035409000,Mabalacat City,03,0354,035409
035410000,Macabebe,03,0354,035410
035411000,Magalang,03,0354,035411
035412000,Masantol,03,0354,035412
035413000,Mexico,03,0354,035413
035414000,Minalin,03,0354,035414
035415000,Porac,03,0354,035415
035416000,City of San Fernando (Capital),03,0354,035416
035417000,San Luis,03,0354,035417
035418000,San Simon,03,0354,035418
035419000,Santa Ana,03,0354,035419
035420000,Santa Rita,03,0354,035420
035421000,Santo Tomas,03,0354,035421
035422000,Sasmuan,03,0354,035422
036901000,Anao,03,0369,036901
036902000,Bamban,03,0369,036902
036903000,Camiling,03,0369,036903
036904000,Capas,03,0369,036904
036905000,Concepcion,03,0369,036905
036906000,Gerona,03,0369,036906
036907000,La Paz,03,0369,036907
036908000,Mayantoc,03,0369,036908
036909000,Moncada,03,0369,036909
036910000,Paniqui,03,0369,036910
036911000,Pura,03,0369,036911
036912000,Ramos,03,0369,036912
036913000,San Clemente,03,0369,036913
036914000,San Manuel,03,0369,036914
036915000,Santa Ignacia,03,0369,036915
036916000,City of Tarlac (Capital),03,0369,036916
036917000,Victoria,03,0369,036917
036918000,San Jose,03,0369,036918
037101000,Botolan,03,0371,037101
037102000,Cabangan,03,0371,037102
037103000,Candelaria,03,0371,037103
037104000,Castillejos,03,0371,037104
037105000,Iba (Capital),03,0371,037105
037106000,Masinloc,03,0371,037106
037107000,City of Olongapo,03,0371,037107
037108000,Palauig,03,0371,037108
037109000,San Antonio,03,0371,037109
037110000,San Felipe,03,0371,037110
037111000,San Marcelino,03,0371,037111
037112000,San Narciso,03,0371,037112
037113000,Santa Cruz,03,0371,037113
037114000,Subic,03,0371,037114
037701000,Baler (Capital),03,0377,037701
037702000,Casiguran,03,0377,037702
037703000,Dilasag,03,0377,037703
037704000,Dinalungan,03,0377,037704
037705000,Dingalan,03,0377,037705
037706000,Dipaculao,03,0377,037706
037707000,Maria Aurora,03,0377,037707
037708000,San Luis,03,0377,037708
041001000,Agoncillo,04,0410,041001
041002000,Alitagtag,04,0410,041002
041003000,Balayan,04,0410,041003
041004000,Balete,04,0410,041004
041005000,Batangas City (Capital),04,0410,041005
041006000,Bauan,04,0410,041006
041007000,Calaca,04,0410,041007
041008000,Calatagan,04,0410,041008
041009000,Cuenca,04,0410,041009
041010000,Ibaan,04,0410,041010
041011000,Laurel,04,0410,041011
041012000,Lemery,04,0410,041012
041013000,Lian,04,0410,041013
041014000,City of Lipa,04,0410,041014
041015000,Lobo,04,0410,041015
041016000,Mabini,04,0410,041016
041017000,Malvar,04,0410,041017
041018000,Mataasnakahoy,04,0410,041018
041019000,Nasugbu,04,0410,041019
041020000,Padre Garcia,04,0410,041020
041021000,Rosario,04,0410,041021
041022000,San Jose,04,0410,041022
041023000,San Juan,04,0410,041023
041024000,San Luis,04,0410,041024
041025000,San Nicolas,04,0410,041025
041026000,San Pascual,04,0410,041026
041027000,Santa Teresita,04,0410,041027
041028000,City of Sto. Tomas,04,0410,041028
041029000,Taal,04,0410,041029
041030000,Talisay,04,0410,041030
041031000,City of Tanauan,04,0410,041031
041032000,Taysan,04,0410,041032
041033000,Tingloy,04,0410,041033
041034000,Tuy,04,0410,041034
042101000,Alfonso,04,0421,042101
042102000,Amadeo,04,0421,042102
042103000,City of Bacoor,04,0421,042103
042104000,Carmona,04,0421,042104
042105000,City of Cavite,04,0421,042105
042106000,City of Dasmariñas,04,0421,042106
042107000,General Emilio Aguinaldo,04,0421,042107
042108000,City of General Trias,04,0421,042108
042109000,City of Imus,04,0421,042109
042110000,Indang,04,0421,042110
042111000,Kawit,04,0421,042111
042112000,Magallanes,04,0421,042112
042113000,Maragondon,04,0421,042113
042114000,Mendez,04,0421,042114
042115000,Naic,04,0421,042115
042116000,Noveleta,04,0421,042116
042117000,Rosario,04,0421,042117
042118000,Silang,04,0421,042118
042119000,City of Tagaytay,04,0421,042119
042120000,Tanza,04,0421,042120
042121000,Ternate,04,0421,042121
042122000,City of Trece Martires (Capital),04,0421,042122
042123000,Gen. Mariano Alvarez,04,0421,042123
043401000,Alaminos,04,0434,043401
043402000,Bay,04,0434,043402
043403000,City of Biñan,04,0434,043403
043404000,City of Cabuyao,04,0434,043404
043405000,City of Calamba,04,0434,043405
043406000,Calauan,04,0434,043406
043407000,Cavinti,04,0434,043407
043408000,Famy,04,0434,043408
043409000,Kalayaan,04,0434,043409
043410000,Liliw,04,0434,043410
043411000,Los Baños,04,0434,043411
043412000,Luisiana,04,0434,043412
043413000,Lumban,04,0434,043413
043414000,Mabitac,04,0434,043414
043415000,Magdalena,04,0434,043415
043416000,Majayjay,04,0434,043416
043417000,Nagcarlan,04,0434,043417
043418000,Paete,04,0434,043418
043419000,Pagsanjan,04,0434,043419
043420000,Pakil,04,0434,043420
043421000,Pangil,04,0434,043421
043422000,Pila,04,0434,043422
043423000,Rizal,04,0434,043423
043424000,City of San Pablo,04,0434,043424
043425000,City of San Pedro,04,0434,043425
043426000,Santa Cruz (Capital),04,0434,043426
043427000,Santa Maria,04,0434,043427
043428000,City of Santa Rosa,04,0434,043428
043429000,Siniloan,04,0434,043429
043430000,Victoria,04,0434,043430
045601000,Agdangan,04,0456,045601
045602000,Alabat,04,0456,045602
045603000,Atimonan,04,0456,045603
045605000,Buenavista,04,0456,045605
045606000,Burdeos,04,0456,045606
045607000,Calauag,04,0456,045607
045608000,Candelaria,04,0456,045608
045610000,Catanauan,04,0456,045610
045615000,Dolores,04,0456,045615
045616000,General Luna,04,0456,045616
045617000,General Nakar,04,0456,045617
045618000,Guinayangan,04,0456,045618
045619000,Gumaca,04,0456,045619
045620000,Infanta,04,0456,045620
045621000,Jomalig,04,0456,045621
045622000,Lopez,04,0456,045622
045623000,Lucban,04,0456,045623
045624000,City of Lucena (Capital),04,0456,045624
045625000,Macalelon,04,0456,045625
045627000,Mauban,04,0456,045627
045628000,Mulanay,04,0456,045628
045629000,Padre Burgos,04,0456,045629
045630000,Pagbilao,04,0456,045630
045631000,Panukulan,04,0456,045631
045632000,Patnanungan,04,0456,045632
045633000,Perez,04,0456,045633
045634000,Pitogo,04,0456,045634
045635000,Plaridel,04,0456,045635
045636000,Polillo,04,0456,045636
045637000,Quezon,04,0456,045637
045638000,Real,04,0456,045638
045639000,Sampaloc,04,0456,045639
045640000,San Andres,04,0456,045640
045641000,San Antonio,04,0456,045641
045642000,San Francisco,04,0456,045642
045644000,San Narciso,04,0456,045644
045645000,Sariaya,04,0456,045645
045646000,Tagkawayan,04,0456,045646
045647000,City of Tayabas,04,0456,045647
045648000,Tiaong,04,0456,045648
045649000,Unisan,04,0456,045649
045801000,Angono,04,0458,045801
045802000,City of Antipolo (Capital),04,0458,045802
045803000,Baras,04,0458,045803
045804000,Binangonan,04,0458,045804
045805000,Cainta,04,0458,045805
045806000,Cardona,04,0458,045806
045807000,Jala-Jala,04,0458,045807
045808000,Rodriguez,04,0458,045808
045809000,Morong,04,0458,045809
045810000,Pililla,04,0458,045810
045811000,San Mateo,04,0458,045811
045812000,Tanay,04,0458,045812
045813000,Taytay,04,0458,045813
045814000,Teresa,04,0458,045814
174001000,Boac (Capital),17,1740,174001
174002000,Buenavista,17,1740,174002
174003000,Gasan,17,1740,174003
174004000,Mogpog,17,1740,174004
174005000,Santa Cruz,17,1740,174005
174006000,Torrijos,17,1740,174006
175101000,Abra De Ilog,17,1751,175101
175102000,Calintaan,17,1751,175102
175103000,Looc,17,1751,175103
175104000,Lubang,17,1751,175104
175105000,Magsaysay,17,1751,175105
175106000,Mamburao (Capital),17,1751,175106
175107000,Paluan,17,1751,175107
175108000,Rizal,17,1751,175108
175109000,Sablayan,17,1751,175109
175110000,San Jose,17,1751,175110
175111000,Santa Cruz,17,1751,175111
175201000,Baco,17,1752,175201
175202000,Bansud,17,1752,175202
175203000,Bongabong,17,1752,175203
175204000,Bulalacao,17,1752,175204
175205000,City of Calapan (Capital),17,1752,175205
175206000,Gloria,17,1752,175206
175207000,Mansalay,17,1752,175207
175208000,Naujan,17,1752,175208
175209000,Pinamalayan,17,1752,175209
175210000,Pola,17,1752,175210
175211000,Puerto Galera,17,1752,175211
175212000,Roxas,17,1752,175212
175213000,San Teodoro,17,1752,175213
175214000,Socorro,17,1752,175214
175215000,Victoria,17,1752,175215
175301000,Aborlan,17,1753,175301
175302000,Agutaya,17,1753,175302
175303000,Araceli,17,1753,175303
175304000,Balabac,17,1753,175304
175305000,Bataraza,17,1753,175305
175306000,Brooke\'S Point,17,1753,175306
175307000,Busuanga,17,1753,175307
175308000,Cagayancillo,17,1753,175308
175309000,Coron,17,1753,175309
175310000,Cuyo,17,1753,175310
175311000,Dumaran,17,1753,175311
175312000,El Nido,17,1753,175312
175313000,Linapacan,17,1753,175313
175314000,Magsaysay,17,1753,175314
175315000,Narra,17,1753,175315
175316000,City of Puerto Princesa (Capital),17,1753,175316
175317000,Quezon,17,1753,175317
175318000,Roxas,17,1753,175318
175319000,San Vicente,17,1753,175319
175320000,Taytay,17,1753,175320
175321000,Kalayaan,17,1753,175321
175322000,Culion,17,1753,175322
175323000,Rizal,17,1753,175323
175324000,Sofronio Española,17,1753,175324
175901000,Alcantara,17,1759,175901
175902000,Banton,17,1759,175902
175903000,Cajidiocan,17,1759,175903
175904000,Calatrava,17,1759,175904
175905000,Concepcion,17,1759,175905
175906000,Corcuera,17,1759,175906
175907000,Looc,17,1759,175907
175908000,Magdiwang,17,1759,175908
175909000,Odiongan,17,1759,175909
175910000,Romblon (Capital),17,1759,175910
175911000,San Agustin,17,1759,175911
175912000,San Andres,17,1759,175912
175913000,San Fernando,17,1759,175913
175914000,San Jose,17,1759,175914
175915000,Santa Fe,17,1759,175915
175916000,Ferrol,17,1759,175916
175917000,Santa Maria,17,1759,175917
050501000,Bacacay,05,0505,050501
050502000,Camalig,05,0505,050502
050503000,Daraga,05,0505,050503
050504000,Guinobatan,05,0505,050504
050505000,Jovellar,05,0505,050505
050506000,City of Legazpi (Capital),05,0505,050506
050507000,Libon,05,0505,050507
050508000,City of Ligao,05,0505,050508
050509000,Malilipot,05,0505,050509
050510000,Malinao,05,0505,050510
050511000,Manito,05,0505,050511
050512000,Oas,05,0505,050512
050513000,Pio Duran,05,0505,050513
050514000,Polangui,05,0505,050514
050515000,Rapu-Rapu,05,0505,050515
050516000,Santo Domingo,05,0505,050516
050517000,City of Tabaco,05,0505,050517
050518000,Tiwi,05,0505,050518
051601000,Basud,05,0516,051601
051602000,Capalonga,05,0516,051602
051603000,Daet (Capital),05,0516,051603
051604000,San Lorenzo Ruiz,05,0516,051604
051605000,Jose Panganiban,05,0516,051605
051606000,Labo,05,0516,051606
051607000,Mercedes,05,0516,051607
051608000,Paracale,05,0516,051608
051609000,San Vicente,05,0516,051609
051610000,Santa Elena,05,0516,051610
051611000,Talisay,05,0516,051611
051612000,Vinzons,05,0516,051612
051701000,Baao,05,0517,051701
051702000,Balatan,05,0517,051702
051703000,Bato,05,0517,051703
051704000,Bombon,05,0517,051704
051705000,Buhi,05,0517,051705
051706000,Bula,05,0517,051706
051707000,Cabusao,05,0517,051707
051708000,Calabanga,05,0517,051708
051709000,Camaligan,05,0517,051709
051710000,Canaman,05,0517,051710
051711000,Caramoan,05,0517,051711
051712000,Del Gallego,05,0517,051712
051713000,Gainza,05,0517,051713
051714000,Garchitorena,05,0517,051714
051715000,Goa,05,0517,051715
051716000,City of Iriga,05,0517,051716
051717000,Lagonoy,05,0517,051717
051718000,Libmanan,05,0517,051718
051719000,Lupi,05,0517,051719
051720000,Magarao,05,0517,051720
051721000,Milaor,05,0517,051721
051722000,Minalabac,05,0517,051722
051723000,Nabua,05,0517,051723
051724000,City of Naga,05,0517,051724
051725000,Ocampo,05,0517,051725
051726000,Pamplona,05,0517,051726
051727000,Pasacao,05,0517,051727
051728000,Pili (Capital),05,0517,051728
051729000,Presentacion,05,0517,051729
051730000,Ragay,05,0517,051730
051731000,Sagñay,05,0517,051731
051732000,San Fernando,05,0517,051732
051733000,San Jose,05,0517,051733
051734000,Sipocot,05,0517,051734
051735000,Siruma,05,0517,051735
051736000,Tigaon,05,0517,051736
051737000,Tinambac,05,0517,051737
052001000,Bagamanoc,05,0520,052001
052002000,Baras,05,0520,052002
052003000,Bato,05,0520,052003
052004000,Caramoran,05,0520,052004
052005000,Gigmoto,05,0520,052005
052006000,Pandan,05,0520,052006
052007000,Panganiban,05,0520,052007
052008000,San Andres,05,0520,052008
052009000,San Miguel,05,0520,052009
052010000,Viga,05,0520,052010
052011000,Virac (Capital),05,0520,052011
054101000,Aroroy,05,0541,054101
054102000,Baleno,05,0541,054102
054103000,Balud,05,0541,054103
054104000,Batuan,05,0541,054104
054105000,Cataingan,05,0541,054105
054106000,Cawayan,05,0541,054106
054107000,Claveria,05,0541,054107
054108000,Dimasalang,05,0541,054108
054109000,Esperanza,05,0541,054109
054110000,Mandaon,05,0541,054110
054111000,City of Masbate (Capital),05,0541,054111
054112000,Milagros,05,0541,054112
054113000,Mobo,05,0541,054113
054114000,Monreal,05,0541,054114
054115000,Palanas,05,0541,054115
054116000,Pio V. Corpuz,05,0541,054116
054117000,Placer,05,0541,054117
054118000,San Fernando,05,0541,054118
054119000,San Jacinto,05,0541,054119
054120000,San Pascual,05,0541,054120
054121000,Uson,05,0541,054121
056202000,Barcelona,05,0562,056202
056203000,Bulan,05,0562,056203
056204000,Bulusan,05,0562,056204
056205000,Casiguran,05,0562,056205
056206000,Castilla,05,0562,056206
056207000,Donsol,05,0562,056207
056208000,Gubat,05,0562,056208
056209000,Irosin,05,0562,056209
056210000,Juban,05,0562,056210
056211000,Magallanes,05,0562,056211
056212000,Matnog,05,0562,056212
056213000,Pilar,05,0562,056213
056214000,Prieto Diaz,05,0562,056214
056215000,Santa Magdalena,05,0562,056215
056216000,City of Sorsogon (Capital),05,0562,056216
060401000,Altavas,06,0604,060401
060402000,Balete,06,0604,060402
060403000,Banga,06,0604,060403
060404000,Batan,06,0604,060404
060405000,Buruanga,06,0604,060405
060406000,Ibajay,06,0604,060406
060407000,Kalibo (Capital),06,0604,060407
060408000,Lezo,06,0604,060408
060409000,Libacao,06,0604,060409
060410000,Madalag,06,0604,060410
060411000,Makato,06,0604,060411
060412000,Malay,06,0604,060412
060413000,Malinao,06,0604,060413
060414000,Nabas,06,0604,060414
060415000,New Washington,06,0604,060415
060416000,Numancia,06,0604,060416
060417000,Tangalan,06,0604,060417
060601000,Anini-Y,06,0606,060601
060602000,Barbaza,06,0606,060602
060603000,Belison,06,0606,060603
060604000,Bugasong,06,0606,060604
060605000,Caluya,06,0606,060605
060606000,Culasi,06,0606,060606
060607000,Tobias Fornier,06,0606,060607
060608000,Hamtic,06,0606,060608
060609000,Laua-An,06,0606,060609
060610000,Libertad,06,0606,060610
060611000,Pandan,06,0606,060611
060612000,Patnongon,06,0606,060612
060613000,San Jose (Capital),06,0606,060613
060614000,San Remigio,06,0606,060614
060615000,Sebaste,06,0606,060615
060616000,Sibalom,06,0606,060616
060617000,Tibiao,06,0606,060617
060618000,Valderrama,06,0606,060618
061901000,Cuartero,06,0619,061901
061902000,Dao,06,0619,061902
061903000,Dumalag,06,0619,061903
061904000,Dumarao,06,0619,061904
061905000,Ivisan,06,0619,061905
061906000,Jamindan,06,0619,061906
061907000,Ma-Ayon,06,0619,061907
061908000,Mambusao,06,0619,061908
061909000,Panay,06,0619,061909
061910000,Panitan,06,0619,061910
061911000,Pilar,06,0619,061911
061912000,Pontevedra,06,0619,061912
061913000,President Roxas,06,0619,061913
061914000,City of Roxas (Capital),06,0619,061914
061915000,Sapi-An,06,0619,061915
061916000,Sigma,06,0619,061916
061917000,Tapaz,06,0619,061917
063001000,Ajuy,06,0630,063001
063002000,Alimodian,06,0630,063002
063003000,Anilao,06,0630,063003
063004000,Badiangan,06,0630,063004
063005000,Balasan,06,0630,063005
063006000,Banate,06,0630,063006
063007000,Barotac Nuevo,06,0630,063007
063008000,Barotac Viejo,06,0630,063008
063009000,Batad,06,0630,063009
063010000,Bingawan,06,0630,063010
063012000,Cabatuan,06,0630,063012
063013000,Calinog,06,0630,063013
063014000,Carles,06,0630,063014
063015000,Concepcion,06,0630,063015
063016000,Dingle,06,0630,063016
063017000,Dueñas,06,0630,063017
063018000,Dumangas,06,0630,063018
063019000,Estancia,06,0630,063019
063020000,Guimbal,06,0630,063020
063021000,Igbaras,06,0630,063021
063022000,City of Iloilo (Capital),06,0630,063022
063023000,Janiuay,06,0630,063023
063025000,Lambunao,06,0630,063025
063026000,Leganes,06,0630,063026
063027000,Lemery,06,0630,063027
063028000,Leon,06,0630,063028
063029000,Maasin,06,0630,063029
063030000,Miagao,06,0630,063030
063031000,Mina,06,0630,063031
063032000,New Lucena,06,0630,063032
063034000,Oton,06,0630,063034
063035000,City of Passi,06,0630,063035
063036000,Pavia,06,0630,063036
063037000,Pototan,06,0630,063037
063038000,San Dionisio,06,0630,063038
063039000,San Enrique,06,0630,063039
063040000,San Joaquin,06,0630,063040
063041000,San Miguel,06,0630,063041
063042000,San Rafael,06,0630,063042
063043000,Santa Barbara,06,0630,063043
063044000,Sara,06,0630,063044
063045000,Tigbauan,06,0630,063045
063046000,Tubungan,06,0630,063046
063047000,Zarraga,06,0630,063047
064501000,City of Bacolod (Capital),06,0645,064501
064502000,City of Bago,06,0645,064502
064503000,Binalbagan,06,0645,064503
064504000,City of Cadiz,06,0645,064504
064505000,Calatrava,06,0645,064505
064506000,Candoni,06,0645,064506
064507000,Cauayan,06,0645,064507
064508000,Enrique B. Magalona,06,0645,064508
064509000,City of Escalante,06,0645,064509
064510000,City of Himamaylan,06,0645,064510
064511000,Hinigaran,06,0645,064511
064512000,Hinoba-an,06,0645,064512
064513000,Ilog,06,0645,064513
064514000,Isabela,06,0645,064514
064515000,City of Kabankalan,06,0645,064515
064516000,City of La Carlota,06,0645,064516
064517000,La Castellana,06,0645,064517
064518000,Manapla,06,0645,064518
064519000,Moises Padilla,06,0645,064519
064520000,Murcia,06,0645,064520
064521000,Pontevedra,06,0645,064521
064522000,Pulupandan,06,0645,064522
064523000,City of Sagay,06,0645,064523
064524000,City of San Carlos,06,0645,064524
064525000,San Enrique,06,0645,064525
064526000,City of Silay,06,0645,064526
064527000,City of Sipalay,06,0645,064527
064528000,City of Talisay,06,0645,064528
064529000,Toboso,06,0645,064529
064530000,Valladolid,06,0645,064530
064531000,City of Victorias,06,0645,064531
064532000,Salvador Benedicto,06,0645,064532
067901000,Buenavista,06,0679,067901
067902000,Jordan (Capital),06,0679,067902
067903000,Nueva Valencia,06,0679,067903
067904000,San Lorenzo,06,0679,067904
067905000,Sibunag,06,0679,067905
071201000,Alburquerque,07,0712,071201
071202000,Alicia,07,0712,071202
071203000,Anda,07,0712,071203
071204000,Antequera,07,0712,071204
071205000,Baclayon,07,0712,071205
071206000,Balilihan,07,0712,071206
071207000,Batuan,07,0712,071207
071208000,Bilar,07,0712,071208
071209000,Buenavista,07,0712,071209
071210000,Calape,07,0712,071210
071211000,Candijay,07,0712,071211
071212000,Carmen,07,0712,071212
071213000,Catigbian,07,0712,071213
071214000,Clarin,07,0712,071214
071215000,Corella,07,0712,071215
071216000,Cortes,07,0712,071216
071217000,Dagohoy,07,0712,071217
071218000,Danao,07,0712,071218
071219000,Dauis,07,0712,071219
071220000,Dimiao,07,0712,071220
071221000,Duero,07,0712,071221
071222000,Garcia Hernandez,07,0712,071222
071223000,Guindulman,07,0712,071223
071224000,Inabanga,07,0712,071224
071225000,Jagna,07,0712,071225
071226000,Getafe,07,0712,071226
071227000,Lila,07,0712,071227
071228000,Loay,07,0712,071228
071229000,Loboc,07,0712,071229
071230000,Loon,07,0712,071230
071231000,Mabini,07,0712,071231
071232000,Maribojoc,07,0712,071232
071233000,Panglao,07,0712,071233
071234000,Pilar,07,0712,071234
071235000,President Carlos P. Garcia,07,0712,071235
071236000,Sagbayan,07,0712,071236
071237000,San Isidro,07,0712,071237
071238000,San Miguel,07,0712,071238
071239000,Sevilla,07,0712,071239
071240000,Sierra Bullones,07,0712,071240
071241000,Sikatuna,07,0712,071241
071242000,City of Tagbilaran (Capital),07,0712,071242
071243000,Talibon,07,0712,071243
071244000,Trinidad,07,0712,071244
071245000,Tubigon,07,0712,071245
071246000,Ubay,07,0712,071246
071247000,Valencia,07,0712,071247
071248000,Bien Unido,07,0712,071248
072201000,Alcantara,07,0722,072201
072202000,Alcoy,07,0722,072202
072203000,Alegria,07,0722,072203
072204000,Aloguinsan,07,0722,072204
072205000,Argao,07,0722,072205
072206000,Asturias,07,0722,072206
072207000,Badian,07,0722,072207
072208000,Balamban,07,0722,072208
072209000,Bantayan,07,0722,072209
072210000,Barili,07,0722,072210
072211000,City of Bogo,07,0722,072211
072212000,Boljoon,07,0722,072212
072213000,Borbon,07,0722,072213
072214000,City of Carcar,07,0722,072214
072215000,Carmen,07,0722,072215
072216000,Catmon,07,0722,072216
072217000,City of Cebu (Capital),07,0722,072217
072218000,Compostela,07,0722,072218
072219000,Consolacion,07,0722,072219
072220000,Cordova,07,0722,072220
072221000,Daanbantayan,07,0722,072221
072222000,Dalaguete,07,0722,072222
072223000,Danao City,07,0722,072223
072224000,Dumanjug,07,0722,072224
072225000,Ginatilan,07,0722,072225
072226000,City of Lapu-Lapu,07,0722,072226
072227000,Liloan,07,0722,072227
072228000,Madridejos,07,0722,072228
072229000,Malabuyoc,07,0722,072229
072230000,City of Mandaue,07,0722,072230
072231000,Medellin,07,0722,072231
072232000,Minglanilla,07,0722,072232
072233000,Moalboal,07,0722,072233
072234000,City of Naga,07,0722,072234
072235000,Oslob,07,0722,072235
072236000,Pilar,07,0722,072236
072237000,Pinamungajan,07,0722,072237
072238000,Poro,07,0722,072238
072239000,Ronda,07,0722,072239
072240000,Samboan,07,0722,072240
072241000,San Fernando,07,0722,072241
072242000,San Francisco,07,0722,072242
072243000,San Remigio,07,0722,072243
072244000,Santa Fe,07,0722,072244
072245000,Santander,07,0722,072245
072246000,Sibonga,07,0722,072246
072247000,Sogod,07,0722,072247
072248000,Tabogon,07,0722,072248
072249000,Tabuelan,07,0722,072249
072250000,City of Talisay,07,0722,072250
072251000,City of Toledo,07,0722,072251
072252000,Tuburan,07,0722,072252
072253000,Tudela,07,0722,072253
074601000,Amlan,07,0746,074601
074602000,Ayungon,07,0746,074602
074603000,Bacong,07,0746,074603
074604000,City of Bais,07,0746,074604
074605000,Basay,07,0746,074605
074606000,City of Bayawan,07,0746,074606
074607000,Bindoy,07,0746,074607
074608000,City of Canlaon,07,0746,074608
074609000,Dauin,07,0746,074609
074610000,City of Dumaguete (Capital),07,0746,074610
074611000,City of Guihulngan,07,0746,074611
074612000,Jimalalud,07,0746,074612
074613000,La Libertad,07,0746,074613
074614000,Mabinay,07,0746,074614
074615000,Manjuyod,07,0746,074615
074616000,Pamplona,07,0746,074616
074617000,San Jose,07,0746,074617
074618000,Santa Catalina,07,0746,074618
074619000,Siaton,07,0746,074619
074620000,Sibulan,07,0746,074620
074621000,City of Tanjay,07,0746,074621
074622000,Tayasan,07,0746,074622
074623000,Valencia,07,0746,074623
074624000,Vallehermoso,07,0746,074624
074625000,Zamboanguita,07,0746,074625
076101000,Enrique Villanueva,07,0761,076101
076102000,Larena,07,0761,076102
076103000,Lazi,07,0761,076103
076104000,Maria,07,0761,076104
076105000,San Juan,07,0761,076105
076106000,Siquijor (Capital),07,0761,076106
082601000,Arteche,08,0826,082601
082602000,Balangiga,08,0826,082602
082603000,Balangkayan,08,0826,082603
082604000,City of Borongan (Capital),08,0826,082604
082605000,Can-Avid,08,0826,082605
082606000,Dolores,08,0826,082606
082607000,General Macarthur,08,0826,082607
082608000,Giporlos,08,0826,082608
082609000,Guiuan,08,0826,082609
082610000,Hernani,08,0826,082610
082611000,Jipapad,08,0826,082611
082612000,Lawaan,08,0826,082612
082613000,Llorente,08,0826,082613
082614000,Maslog,08,0826,082614
082615000,Maydolong,08,0826,082615
082616000,Mercedes,08,0826,082616
082617000,Oras,08,0826,082617
082618000,Quinapondan,08,0826,082618
082619000,Salcedo,08,0826,082619
082620000,San Julian,08,0826,082620
082621000,San Policarpo,08,0826,082621
082622000,Sulat,08,0826,082622
082623000,Taft,08,0826,082623
083701000,Abuyog,08,0837,083701
083702000,Alangalang,08,0837,083702
083703000,Albuera,08,0837,083703
083705000,Babatngon,08,0837,083705
083706000,Barugo,08,0837,083706
083707000,Bato,08,0837,083707
083708000,City of Baybay,08,0837,083708
083710000,Burauen,08,0837,083710
083713000,Calubian,08,0837,083713
083714000,Capoocan,08,0837,083714
083715000,Carigara,08,0837,083715
083717000,Dagami,08,0837,083717
083718000,Dulag,08,0837,083718
083719000,Hilongos,08,0837,083719
083720000,Hindang,08,0837,083720
083721000,Inopacan,08,0837,083721
083722000,Isabel,08,0837,083722
083723000,Jaro,08,0837,083723
083724000,Javier,08,0837,083724
083725000,Julita,08,0837,083725
083726000,Kananga,08,0837,083726
083728000,La Paz,08,0837,083728
083729000,Leyte,08,0837,083729
083730000,Macarthur,08,0837,083730
083731000,Mahaplag,08,0837,083731
083733000,Matag-Ob,08,0837,083733
083734000,Matalom,08,0837,083734
083735000,Mayorga,08,0837,083735
083736000,Merida,08,0837,083736
083738000,Ormoc City,08,0837,083738
083739000,Palo,08,0837,083739
083740000,Palompon,08,0837,083740
083741000,Pastrana,08,0837,083741
083742000,San Isidro,08,0837,083742
083743000,San Miguel,08,0837,083743
083744000,Santa Fe,08,0837,083744
083745000,Tabango,08,0837,083745
083746000,Tabontabon,08,0837,083746
083747000,City of Tacloban (Capital),08,0837,083747
083748000,Tanauan,08,0837,083748
083749000,Tolosa,08,0837,083749
083750000,Tunga,08,0837,083750
083751000,Villaba,08,0837,083751
084801000,Allen,08,0848,084801
084802000,Biri,08,0848,084802
084803000,Bobon,08,0848,084803
084804000,Capul,08,0848,084804
084805000,Catarman (Capital),08,0848,084805
084806000,Catubig,08,0848,084806
084807000,Gamay,08,0848,084807
084808000,Laoang,08,0848,084808
084809000,Lapinig,08,0848,084809
084810000,Las Navas,08,0848,084810
084811000,Lavezares,08,0848,084811
084812000,Mapanas,08,0848,084812
084813000,Mondragon,08,0848,084813
084814000,Palapag,08,0848,084814
084815000,Pambujan,08,0848,084815
084816000,Rosario,08,0848,084816
084817000,San Antonio,08,0848,084817
084818000,San Isidro,08,0848,084818
084819000,San Jose,08,0848,084819
084820000,San Roque,08,0848,084820
084821000,San Vicente,08,0848,084821
084822000,Silvino Lobos,08,0848,084822
084823000,Victoria,08,0848,084823
084824000,Lope De Vega,08,0848,084824
086001000,Almagro,08,0860,086001
086002000,Basey,08,0860,086002
086003000,City of Calbayog,08,0860,086003
086004000,Calbiga,08,0860,086004
086005000,City of Catbalogan (Capital),08,0860,086005
086006000,Daram,08,0860,086006
086007000,Gandara,08,0860,086007
086008000,Hinabangan,08,0860,086008
086009000,Jiabong,08,0860,086009
086010000,Marabut,08,0860,086010
086011000,Matuguinao,08,0860,086011
086012000,Motiong,08,0860,086012
086013000,Pinabacdao,08,0860,086013
086014000,San Jose De Buan,08,0860,086014
086015000,San Sebastian,08,0860,086015
086016000,Santa Margarita,08,0860,086016
086017000,Santa Rita,08,0860,086017
086018000,Santo Niño,08,0860,086018
086019000,Talalora,08,0860,086019
086020000,Tarangnan,08,0860,086020
086021000,Villareal,08,0860,086021
086022000,Paranas,08,0860,086022
086023000,Zumarraga,08,0860,086023
086024000,Tagapul-An,08,0860,086024
086025000,San Jorge,08,0860,086025
086026000,Pagsanghan,08,0860,086026
086401000,Anahawan,08,0864,086401
086402000,Bontoc,08,0864,086402
086403000,Hinunangan,08,0864,086403
086404000,Hinundayan,08,0864,086404
086405000,Libagon,08,0864,086405
086406000,Liloan,08,0864,086406
086407000,City of Maasin (Capital),08,0864,086407
086408000,Macrohon,08,0864,086408
086409000,Malitbog,08,0864,086409
086410000,Padre Burgos,08,0864,086410
086411000,Pintuyan,08,0864,086411
086412000,Saint Bernard,08,0864,086412
086413000,San Francisco,08,0864,086413
086414000,San Juan,08,0864,086414
086415000,San Ricardo,08,0864,086415
086416000,Silago,08,0864,086416
086417000,Sogod,08,0864,086417
086418000,Tomas Oppus,08,0864,086418
086419000,Limasawa,08,0864,086419
087801000,Almeria,08,0878,087801
087802000,Biliran,08,0878,087802
087803000,Cabucgayan,08,0878,087803
087804000,Caibiran,08,0878,087804
087805000,Culaba,08,0878,087805
087806000,Kawayan,08,0878,087806
087807000,Maripipi,08,0878,087807
087808000,Naval (Capital),08,0878,087808
097201000,City of Dapitan,09,0972,097201
097202000,City of Dipolog (Capital),09,0972,097202
097203000,Katipunan,09,0972,097203
097204000,La Libertad,09,0972,097204
097205000,Labason,09,0972,097205
097206000,Liloy,09,0972,097206
097207000,Manukan,09,0972,097207
097208000,Mutia,09,0972,097208
097209000,Piñan,09,0972,097209
097210000,Polanco,09,0972,097210
097211000,Pres. Manuel A. Roxas,09,0972,097211
097212000,Rizal,09,0972,097212
097213000,Salug,09,0972,097213
097214000,Sergio Osmeña Sr.,09,0972,097214
097215000,Siayan,09,0972,097215
097216000,Sibuco,09,0972,097216
097217000,Sibutad,09,0972,097217
097218000,Sindangan,09,0972,097218
097219000,Siocon,09,0972,097219
097220000,Sirawai,09,0972,097220
097221000,Tampilisan,09,0972,097221
097222000,Jose Dalman,09,0972,097222
097223000,Gutalac,09,0972,097223
097224000,Baliguian,09,0972,097224
097225000,Godod,09,0972,097225
097226000,Bacungan,09,0972,097226
097227000,Kalawit,09,0972,097227
097302000,Aurora,09,0973,097302
097303000,Bayog,09,0973,097303
097305000,Dimataling,09,0973,097305
097306000,Dinas,09,0973,097306
097307000,Dumalinao,09,0973,097307
097308000,Dumingag,09,0973,097308
097311000,Kumalarang,09,0973,097311
097312000,Labangan,09,0973,097312
097313000,Lapuyan,09,0973,097313
097315000,Mahayag,09,0973,097315
097317000,Margosatubig,09,0973,097317
097318000,Midsalip,09,0973,097318
097319000,Molave,09,0973,097319
097322000,City of Pagadian (Capital),09,0973,097322
097323000,Ramon Magsaysay,09,0973,097323
097324000,San Miguel,09,0973,097324
097325000,San Pablo,09,0973,097325
097327000,Tabina,09,0973,097327
097328000,Tambulig,09,0973,097328
097330000,Tukuran,09,0973,097330
097332000,City of Zamboanga,09,0973,097332
097333000,Lakewood,09,0973,097333
097337000,Josefina,09,0973,097337
097338000,Pitogo,09,0973,097338
097340000,Sominot,09,0973,097340
097341000,Vincenzo A. Sagun,09,0973,097341
097343000,Guipos,09,0973,097343
097344000,Tigbao,09,0973,097344
098301000,Alicia,09,0983,098301
098302000,Buug,09,0983,098302
098303000,Diplahan,09,0983,098303
098304000,Imelda,09,0983,098304
098305000,Ipil (Capital),09,0983,098305
098306000,Kabasalan,09,0983,098306
098307000,Mabuhay,09,0983,098307
098308000,Malangas,09,0983,098308
098309000,Naga,09,0983,098309
098310000,Olutanga,09,0983,098310
098311000,Payao,09,0983,098311
098312000,Roseller Lim,09,0983,098312
098313000,Siay,09,0983,098313
098314000,Talusan,09,0983,098314
098315000,Titay,09,0983,098315
098316000,Tungawan,09,0983,098316
099701000,City of Isabela,09,0997,099701
101301000,Baungon,10,1013,101301
101302000,Damulog,10,1013,101302
101303000,Dangcagan,10,1013,101303
101304000,Don Carlos,10,1013,101304
101305000,Impasug-ong,10,1013,101305
101306000,Kadingilan,10,1013,101306
101307000,Kalilangan,10,1013,101307
101308000,Kibawe,10,1013,101308
101309000,Kitaotao,10,1013,101309
101310000,Lantapan,10,1013,101310
101311000,Libona,10,1013,101311
101312000,City of Malaybalay (Capital),10,1013,101312
101313000,Malitbog,10,1013,101313
101314000,Manolo Fortich,10,1013,101314
101315000,Maramag,10,1013,101315
101316000,Pangantucan,10,1013,101316
101317000,Quezon,10,1013,101317
101318000,San Fernando,10,1013,101318
101319000,Sumilao,10,1013,101319
101320000,Talakag,10,1013,101320
101321000,City of Valencia,10,1013,101321
101322000,Cabanglasan,10,1013,101322
101801000,Catarman,10,1018,101801
101802000,Guinsiliban,10,1018,101802
101803000,Mahinog,10,1018,101803
101804000,Mambajao (Capital),10,1018,101804
101805000,Sagay,10,1018,101805
103501000,Bacolod,10,1035,103501
103502000,Baloi,10,1035,103502
103503000,Baroy,10,1035,103503
103504000,City of Iligan,10,1035,103504
103505000,Kapatagan,10,1035,103505
103506000,Sultan Naga Dimaporo,10,1035,103506
103507000,Kauswagan,10,1035,103507
103508000,Kolambugan,10,1035,103508
103509000,Lala,10,1035,103509
103510000,Linamon,10,1035,103510
103511000,Magsaysay,10,1035,103511
103512000,Maigo,10,1035,103512
103513000,Matungao,10,1035,103513
103514000,Munai,10,1035,103514
103515000,Nunungan,10,1035,103515
103516000,Pantao Ragat,10,1035,103516
103517000,Poona Piagapo,10,1035,103517
103518000,Salvador,10,1035,103518
103519000,Sapad,10,1035,103519
103520000,Tagoloan,10,1035,103520
103521000,Tangcal,10,1035,103521
103522000,Tubod (Capital),10,1035,103522
103523000,Pantar,10,1035,103523
104201000,Aloran,10,1042,104201
104202000,Baliangao,10,1042,104202
104203000,Bonifacio,10,1042,104203
104204000,Calamba,10,1042,104204
104205000,Clarin,10,1042,104205
104206000,Concepcion,10,1042,104206
104207000,Jimenez,10,1042,104207
104208000,Lopez Jaena,10,1042,104208
104209000,City of Oroquieta (Capital),10,1042,104209
104210000,City of Ozamiz,10,1042,104210
104211000,Panaon,10,1042,104211
104212000,Plaridel,10,1042,104212
104213000,Sapang Dalaga,10,1042,104213
104214000,Sinacaban,10,1042,104214
104215000,City of Tangub,10,1042,104215
104216000,Tudela,10,1042,104216
104217000,Don Victoriano Chiongbian,10,1042,104217
104301000,Alubijid,10,1043,104301
104302000,Balingasag,10,1043,104302
104303000,Balingoan,10,1043,104303
104304000,Binuangan,10,1043,104304
104305000,City of Cagayan De Oro (Capital),10,1043,104305
104306000,Claveria,10,1043,104306
104307000,City of El Salvador,10,1043,104307
104308000,City of Gingoog,10,1043,104308
104309000,Gitagum,10,1043,104309
104310000,Initao,10,1043,104310
104311000,Jasaan,10,1043,104311
104312000,Kinoguitan,10,1043,104312
104313000,Lagonglong,10,1043,104313
104314000,Laguindingan,10,1043,104314
104315000,Libertad,10,1043,104315
104316000,Lugait,10,1043,104316
104317000,Magsaysay,10,1043,104317
104318000,Manticao,10,1043,104318
104319000,Medina,10,1043,104319
104320000,Naawan,10,1043,104320
104321000,Opol,10,1043,104321
104322000,Salay,10,1043,104322
104323000,Sugbongcogon,10,1043,104323
104324000,Tagoloan,10,1043,104324
104325000,Talisayan,10,1043,104325
104326000,Villanueva,10,1043,104326
112301000,Asuncion,11,1123,112301
112303000,Carmen,11,1123,112303
112305000,Kapalong,11,1123,112305
112314000,New Corella,11,1123,112314
112315000,City of Panabo,11,1123,112315
112317000,Island Garden City of Samal,11,1123,112317
112318000,Santo Tomas,11,1123,112318
112319000,City of Tagum (Capital),11,1123,112319
112322000,Talaingod,11,1123,112322
112323000,Braulio E. Dujali,11,1123,112323
112324000,San Isidro,11,1123,112324
112401000,Bansalan,11,1124,112401
112402000,City of Davao,11,1124,112402
112403000,City of Digos (Capital),11,1124,112403
112404000,Hagonoy,11,1124,112404
112406000,Kiblawan,11,1124,112406
112407000,Magsaysay,11,1124,112407
112408000,Malalag,11,1124,112408
112410000,Matanao,11,1124,112410
112411000,Padada,11,1124,112411
112412000,Santa Cruz,11,1124,112412
112414000,Sulop,11,1124,112414
112501000,Baganga,11,1125,112501
112502000,Banaybanay,11,1125,112502
112503000,Boston,11,1125,112503
112504000,Caraga,11,1125,112504
112505000,Cateel,11,1125,112505
112506000,Governor Generoso,11,1125,112506
112507000,Lupon,11,1125,112507
112508000,Manay,11,1125,112508
112509000,City of Mati (Capital),11,1125,112509
112510000,San Isidro,11,1125,112510
112511000,Tarragona,11,1125,112511
118201000,Compostela,11,1182,118201
118202000,Laak,11,1182,118202
118203000,Mabini,11,1182,118203
118204000,Maco,11,1182,118204
118205000,Maragusan,11,1182,118205
118206000,Mawab,11,1182,118206
118207000,Monkayo,11,1182,118207
118208000,Montevista,11,1182,118208
118209000,Nabunturan (Capital),11,1182,118209
118210000,New Bataan,11,1182,118210
118211000,Pantukan,11,1182,118211
118601000,Don Marcelino,11,1186,118601
118602000,Jose Abad Santos,11,1186,118602
118603000,Malita (Capital),11,1186,118603
118604000,Santa Maria,11,1186,118604
118605000,Sarangani,11,1186,118605
124701000,Alamada,12,1247,124701
124702000,Carmen,12,1247,124702
124703000,Kabacan,12,1247,124703
124704000,City of Kidapawan (Capital),12,1247,124704
124705000,Libungan,12,1247,124705
124706000,Magpet,12,1247,124706
124707000,Makilala,12,1247,124707
124708000,Matalam,12,1247,124708
124709000,Midsayap,12,1247,124709
124710000,M\'Lang,12,1247,124710
124711000,Pigkawayan,12,1247,124711
124712000,Pikit,12,1247,124712
124713000,President Roxas,12,1247,124713
124714000,Tulunan,12,1247,124714
124715000,Antipas,12,1247,124715
124716000,Banisilan,12,1247,124716
124717000,Aleosan,12,1247,124717
124718000,Arakan,12,1247,124718
126302000,Banga,12,1263,126302
126303000,City of General Santos,12,1263,126303
126306000,City of Koronadal (Capital),12,1263,126306
126311000,Norala,12,1263,126311
126312000,Polomolok,12,1263,126312
126313000,Surallah,12,1263,126313
126314000,Tampakan,12,1263,126314
126315000,Tantangan,12,1263,126315
126316000,T\'Boli,12,1263,126316
126317000,Tupi,12,1263,126317
126318000,Santo Niño,12,1263,126318
126319000,Lake Sebu,12,1263,126319
126501000,Bagumbayan,12,1265,126501
126502000,Columbio,12,1265,126502
126503000,Esperanza,12,1265,126503
126504000,Isulan (Capital),12,1265,126504
126505000,Kalamansig,12,1265,126505
126506000,Lebak,12,1265,126506
126507000,Lutayan,12,1265,126507
126508000,Lambayong,12,1265,126508
126509000,Palimbang,12,1265,126509
126510000,President Quirino,12,1265,126510
126511000,City of Tacurong,12,1265,126511
126512000,Sen. Ninoy Aquino,12,1265,126512
128001000,Alabel (Capital),12,1280,128001
128002000,Glan,12,1280,128002
128003000,Kiamba,12,1280,128003
128004000,Maasim,12,1280,128004
128005000,Maitum,12,1280,128005
128006000,Malapatan,12,1280,128006
128007000,Malungon,12,1280,128007
129804000,City of Cotabato,12,1298,129804
133900000,City of Manila,13,1339,133900
133901000,Tondo I/II,13,1339,133901
133902000,Binondo,13,1339,133902
133903000,Quiapo,13,1339,133903
133904000,San Nicolas,13,1339,133904
133905000,Santa Cruz,13,1339,133905
133906000,Sampaloc,13,1339,133906
133907000,San Miguel,13,1339,133907
133908000,Ermita,13,1339,133908
133909000,Intramuros,13,1339,133909
133910000,Malate,13,1339,133910
133911000,Paco,13,1339,133911
133912000,Pandacan,13,1339,133912
133913000,Port Area,13,1339,133913
133914000,Santa Ana,13,1339,133914
137401000,City of Mandaluyong,13,1374,137401
137402000,City of Marikina,13,1374,137402
137403000,City of Pasig,13,1374,137403
137404000,Quezon City,13,1374,137404
137405000,City of San Juan,13,1374,137405
137501000,City of Caloocan,13,1375,137501
137502000,City of Malabon,13,1375,137502
137503000,City of Navotas,13,1375,137503
137504000,City of Valenzuela,13,1375,137504
137601000,City of Las Piñas,13,1376,137601
137602000,City of Makati,13,1376,137602
137603000,City of Muntinlupa,13,1376,137603
137604000,City of Parañaque,13,1376,137604
137605000,Pasay City,13,1376,137605
137606000,Pateros,13,1376,137606
137607000,City of Taguig,13,1376,137607
140101000,Bangued (Capital),14,1401,140101
140102000,Boliney,14,1401,140102
140103000,Bucay,14,1401,140103
140104000,Bucloc,14,1401,140104
140105000,Daguioman,14,1401,140105
140106000,Danglas,14,1401,140106
140107000,Dolores,14,1401,140107
140108000,La Paz,14,1401,140108
140109000,Lacub,14,1401,140109
140110000,Lagangilang,14,1401,140110
140111000,Lagayan,14,1401,140111
140112000,Langiden,14,1401,140112
140113000,Licuan-Baay,14,1401,140113
140114000,Luba,14,1401,140114
140115000,Malibcong,14,1401,140115
140116000,Manabo,14,1401,140116
140117000,Peñarrubia,14,1401,140117
140118000,Pidigan,14,1401,140118
140119000,Pilar,14,1401,140119
140120000,Sallapadan,14,1401,140120
140121000,San Isidro,14,1401,140121
140122000,San Juan,14,1401,140122
140123000,San Quintin,14,1401,140123
140124000,Tayum,14,1401,140124
140125000,Tineg,14,1401,140125
140126000,Tubo,14,1401,140126
140127000,Villaviciosa,14,1401,140127
141101000,Atok,14,1411,141101
141102000,City of Baguio,14,1411,141102
141103000,Bakun,14,1411,141103
141104000,Bokod,14,1411,141104
141105000,Buguias,14,1411,141105
141106000,Itogon,14,1411,141106
141107000,Kabayan,14,1411,141107
141108000,Kapangan,14,1411,141108
141109000,Kibungan,14,1411,141109
141110000,La Trinidad (Capital),14,1411,141110
141111000,Mankayan,14,1411,141111
141112000,Sablan,14,1411,141112
141113000,Tuba,14,1411,141113
141114000,Tublay,14,1411,141114
142701000,Banaue,14,1427,142701
142702000,Hungduan,14,1427,142702
142703000,Kiangan,14,1427,142703
142704000,Lagawe (Capital),14,1427,142704
142705000,Lamut,14,1427,142705
142706000,Mayoyao,14,1427,142706
142707000,Alfonso Lista,14,1427,142707
142708000,Aguinaldo,14,1427,142708
142709000,Hingyon,14,1427,142709
142710000,Tinoc,14,1427,142710
142711000,Asipulo,14,1427,142711
143201000,Balbalan,14,1432,143201
143206000,Lubuagan,14,1432,143206
143208000,Pasil,14,1432,143208
143209000,Pinukpuk,14,1432,143209
143211000,Rizal,14,1432,143211
143213000,City of Tabuk (Capital),14,1432,143213
143214000,Tanudan,14,1432,143214
143215000,Tinglayan,14,1432,143215
144401000,Barlig,14,1444,144401
144402000,Bauko,14,1444,144402
144403000,Besao,14,1444,144403
144404000,Bontoc (Capital),14,1444,144404
144405000,Natonin,14,1444,144405
144406000,Paracelis,14,1444,144406
144407000,Sabangan,14,1444,144407
144408000,Sadanga,14,1444,144408
144409000,Sagada,14,1444,144409
144410000,Tadian,14,1444,144410
148101000,Calanasan,14,1481,148101
148102000,Conner,14,1481,148102
148103000,Flora,14,1481,148103
148104000,Kabugao (Capital),14,1481,148104
148105000,Luna,14,1481,148105
148106000,Pudtol,14,1481,148106
148107000,Santa Marcela,14,1481,148107
150702000,City of Lamitan (Capital),15,1507,150702
150703000,Lantawan,15,1507,150703
150704000,Maluso,15,1507,150704
150705000,Sumisip,15,1507,150705
150706000,Tipo-Tipo,15,1507,150706
150707000,Tuburan,15,1507,150707
150708000,Akbar,15,1507,150708
150709000,Al-Barka,15,1507,150709
150710000,Hadji Mohammad Ajul,15,1507,150710
150711000,Ungkaya Pukan,15,1507,150711
150712000,Hadji Muhtamad,15,1507,150712
150713000,Tabuan-Lasa,15,1507,150713
153601000,Bacolod-Kalawi,15,1536,153601
153602000,Balabagan,15,1536,153602
153603000,Balindong,15,1536,153603
153604000,Bayang,15,1536,153604
153605000,Binidayan,15,1536,153605
153606000,Bubong,15,1536,153606
153607000,Butig,15,1536,153607
153609000,Ganassi,15,1536,153609
153610000,Kapai,15,1536,153610
153611000,Lumba-Bayabao,15,1536,153611
153612000,Lumbatan,15,1536,153612
153613000,Madalum,15,1536,153613
153614000,Madamba,15,1536,153614
153615000,Malabang,15,1536,153615
153616000,Marantao,15,1536,153616
153617000,City of Marawi (Capital),15,1536,153617
153618000,Masiu,15,1536,153618
153619000,Mulondo,15,1536,153619
153620000,Pagayawan,15,1536,153620
153621000,Piagapo,15,1536,153621
153622000,Poona Bayabao,15,1536,153622
153623000,Pualas,15,1536,153623
153624000,Ditsaan-Ramain,15,1536,153624
153625000,Saguiaran,15,1536,153625
153626000,Tamparan,15,1536,153626
153627000,Taraka,15,1536,153627
153628000,Tubaran,15,1536,153628
153629000,Tugaya,15,1536,153629
153630000,Wao,15,1536,153630
153631000,Marogong,15,1536,153631
153632000,Calanogas,15,1536,153632
153633000,Buadiposo-Buntong,15,1536,153633
153634000,Maguing,15,1536,153634
153635000,Picong,15,1536,153635
153636000,Lumbayanague,15,1536,153636
153637000,Amai Manabilang,15,1536,153637
153638000,Tagoloan Ii,15,1536,153638
153639000,Kapatagan,15,1536,153639
153640000,Sultan Dumalondong,15,1536,153640
153641000,Lumbaca-Unayan,15,1536,153641
153801000,Ampatuan,15,1538,153801
153802000,Buldon,15,1538,153802
153803000,Buluan,15,1538,153803
153805000,Datu Paglas,15,1538,153805
153806000,Datu Piang,15,1538,153806
153807000,Datu Odin Sinsuat,15,1538,153807
153808000,Shariff Aguak (Capital),15,1538,153808
153809000,Matanog,15,1538,153809
153810000,Pagalungan,15,1538,153810
153811000,Parang,15,1538,153811
153812000,Sultan Kudarat,15,1538,153812
153813000,Sultan Sa Barongis,15,1538,153813
153814000,Kabuntalan,15,1538,153814
153815000,Upi,15,1538,153815
153816000,Talayan,15,1538,153816
153817000,South Upi,15,1538,153817
153818000,Barira,15,1538,153818
153819000,Gen. S.K. Pendatun,15,1538,153819
153820000,Mamasapano,15,1538,153820
153821000,Talitay,15,1538,153821
153822000,Pagagawan,15,1538,153822
153823000,Paglat,15,1538,153823
153824000,Sultan Mastura,15,1538,153824
153825000,Guindulungan,15,1538,153825
153826000,Datu Saudi-Ampatuan,15,1538,153826
153827000,Datu Unsay,15,1538,153827
153828000,Datu Abdullah Sangki,15,1538,153828
153829000,Rajah Buayan,15,1538,153829
153830000,Datu Blah T. Sinsuat,15,1538,153830
153831000,Datu Anggal Midtimbang,15,1538,153831
153832000,Mangudadatu,15,1538,153832
153833000,Pandag,15,1538,153833
153834000,Northern Kabuntalan,15,1538,153834
153835000,Datu Hoffer Ampatuan,15,1538,153835
153836000,Datu Salibo,15,1538,153836
153837000,Shariff Saydona Mustapha,15,1538,153837
156601000,Indanan,15,1566,156601
156602000,Jolo (Capital),15,1566,156602
156603000,Kalingalan Caluang,15,1566,156603
156604000,Luuk,15,1566,156604
156605000,Maimbung,15,1566,156605
156606000,Hadji Panglima Tahil,15,1566,156606
156607000,Old Panamao,15,1566,156607
156608000,Pangutaran,15,1566,156608
156609000,Parang,15,1566,156609
156610000,Pata,15,1566,156610
156611000,Patikul,15,1566,156611
156612000,Siasi,15,1566,156612
156613000,Talipao,15,1566,156613
156614000,Tapul,15,1566,156614
156615000,Tongkil,15,1566,156615
156616000,Panglima Estino,15,1566,156616
156617000,Lugus,15,1566,156617
156618000,Pandami,15,1566,156618
156619000,Omar,15,1566,156619
157001000,Panglima Sugala,15,1570,157001
157002000,Bongao (Capital),15,1570,157002
157003000,Mapun,15,1570,157003
157004000,Simunul,15,1570,157004
157005000,Sitangkai,15,1570,157005
157006000,South Ubian,15,1570,157006
157007000,Tandubas,15,1570,157007
157008000,Turtle Islands,15,1570,157008
157009000,Languyan,15,1570,157009
157010000,Sapa-Sapa,15,1570,157010
157011000,Sibutu,15,1570,157011
160201000,Buenavista,16,1602,160201
160202000,City of Butuan (Capital),16,1602,160202
160203000,City of Cabadbaran,16,1602,160203
160204000,Carmen,16,1602,160204
160205000,Jabonga,16,1602,160205
160206000,Kitcharao,16,1602,160206
160207000,Las Nieves,16,1602,160207
160208000,Magallanes,16,1602,160208
160209000,Nasipit,16,1602,160209
160210000,Santiago,16,1602,160210
160211000,Tubay,16,1602,160211
160212000,Remedios T. Romualdez,16,1602,160212
160301000,City of Bayugan,16,1603,160301
160302000,Bunawan,16,1603,160302
160303000,Esperanza,16,1603,160303
160304000,La Paz,16,1603,160304
160305000,Loreto,16,1603,160305
160306000,Prosperidad (Capital),16,1603,160306
160307000,Rosario,16,1603,160307
160308000,San Francisco,16,1603,160308
160309000,San Luis,16,1603,160309
160310000,Santa Josefa,16,1603,160310
160311000,Talacogon,16,1603,160311
160312000,Trento,16,1603,160312
160313000,Veruela,16,1603,160313
160314000,Sibagat,16,1603,160314
166701000,Alegria,16,1667,166701
166702000,Bacuag,16,1667,166702
166704000,Burgos,16,1667,166704
166706000,Claver,16,1667,166706
166707000,Dapa,16,1667,166707
166708000,Del Carmen,16,1667,166708
166710000,General Luna,16,1667,166710
166711000,Gigaquit,16,1667,166711
166714000,Mainit,16,1667,166714
166715000,Malimono,16,1667,166715
166716000,Pilar,16,1667,166716
166717000,Placer,16,1667,166717
166718000,San Benito,16,1667,166718
166719000,San Francisco,16,1667,166719
166720000,San Isidro,16,1667,166720
166721000,Santa Monica,16,1667,166721
166722000,Sison,16,1667,166722
166723000,Socorro,16,1667,166723
166724000,City of Surigao (Capital),16,1667,166724
166725000,Tagana-An,16,1667,166725
166727000,Tubod,16,1667,166727
166801000,Barobo,16,1668,166801
166802000,Bayabas,16,1668,166802
166803000,City of Bislig,16,1668,166803
166804000,Cagwait,16,1668,166804
166805000,Cantilan,16,1668,166805
166806000,Carmen,16,1668,166806
166807000,Carrascal,16,1668,166807
166808000,Cortes,16,1668,166808
166809000,Hinatuan,16,1668,166809
166810000,Lanuza,16,1668,166810
166811000,Lianga,16,1668,166811
166812000,Lingig,16,1668,166812
166813000,Madrid,16,1668,166813
166814000,Marihatag,16,1668,166814
166815000,San Agustin,16,1668,166815
166816000,San Miguel,16,1668,166816
166817000,Tagbina,16,1668,166817
166818000,Tago,16,1668,166818
166819000,City of Tandag (Capital),16,1668,166819
168501000,Basilisa,16,1685,168501
168502000,Cagdianao,16,1685,168502
168503000,Dinagat,16,1685,168503
168504000,Libjo,16,1685,168504
168505000,Loreto,16,1685,168505
168506000,San Jose (Capital),16,1685,168506
168507000,Tubajon,16,1685,168507
